FirstName,LastName,Phone,Email,Company
Alice,Johnson,9876543210,alice.johnson@example.com,Tech Corp
Bob,Smith,9876543211,bob.smith@example.com,Innovation Inc
Charlie,Brown,9876543212,charlie.brown@example.com,Digital Solutions
Diana,Williams,9876543213,diana.williams@example.com,Cloud Services
Edward,Jones,9876543214,edward.jones@example.com,Data Systems
Fiona,Davis,9876543215,fiona.davis@example.com,Web Solutions
George,Miller,9876543216,george.miller@example.com,Mobile Apps
Hannah,Wilson,9876543217,hannah.wilson@example.com,AI Technologies
Ian,Moore,9876543218,ian.moore@example.com,Cyber Security
Julia,Taylor,9876543219,julia.taylor@example.com,Analytics Pro